territorio_codigo;territorio_nome;pib_mil_reais_2022;populacao_residente_2022;variacao_populacao_2010_2022;crescimento_populacional_pct_2010_2022;unidades_locais_2022;empresas_atuantes_2022;pessoal_ocupado_total_2022;pessoal_ocupado_assalariado_2022;salarios_mil_reais_2022;salario_medio_mensal_reais_2022;participacao_agropecuaria_pct_2021;participacao_industria_pct_2021;participacao_servicos_pct_2021;participacao_administracao_pct_2021;pib_per_capita_reais_2022;unidades_locais_por_mil_hab_2022;intensidade_ocupacao_formal_por_mil_hab_2022;proporcao_assalariados_pct_2022;quadrante_economico
2300101;Abaiara - CE;126794;10038.0;-418.0;-0.34;125.0;122.0;1184.0;1080.0;25670.0;2283.58;20.99;2.71;25.81;50.49;12631.400677425781;12.452679816696554;117.95178322374974;91.21621621621621;baixo PIB per capita / alta intensidade
2300150;Acarape - CE;183507;14027.0;366.0;0.22;239.0;232.0;1936.0;1708.0;38919.0;1794.11;5.52;20.27;33.88;40.34;13082.412490197476;17.038568475083768;138.0195337563271;88.22314049586777;baixo PIB per capita / alta intensidade
2300200;Acaraú - CE;1184672;65264.0;8074.0;1.11;1164.0;1116.0;6296.0;4961.0;164309.0;2273.63;13.97;27.79;30.39;27.86;18151.998038734982;17.835253738661436;96.4697229713165;78.79606099110546;alto PIB per capita / baixa intensidade
2300309;Acopiara - CE;604192;44962.0;-6309.0;-1.09;939.0;904.0;3840.0;2937.0;76738.0;2022.61;27.58;3.72;32.48;36.22;13437.83639517815;20.884302299719764;85.40545349406166;76.484375;alto PIB per capita / baixa intensidade
2300408;Aiuaba - CE;146744;14076.0;-2127.0;-1.17;221.0;218.0;1457.0;1259.0;24337.0;1455.29;23.34;2.12;23.2;51.34;10425.12077294686;15.70048309178744;103.50951974992896;86.41043239533288;baixo PIB per capita / alta intensidade
2300507;Alcântaras - CE;105770;11369.0;492.0;0.37;192.0;191.0;977.0;802.0;20117.0;1799.64;8.92;5.08;27.86;58.13;9303.368809921716;16.888028850382618;85.93543847304072;82.08802456499488;baixo PIB per capita / baixa intensidade
2300606;Altaneira - CE;82201;6782.0;-74.0;-0.09;125.0;125.0;663.0;567.0;17607.0;1858.19;13.28;3.55;26.63;56.54;12120.465939250958;18.43114125626659;97.75877322323798;85.52036199095022;baixo PIB per capita / baixa intensidade
2300705;Alto Santo - CE;240389;14155.0;-1095.0;-0.62;368.0;357.0;1890.0;1471.0;35695.0;1837.88;32.9;4.63;25.72;36.75;16982.620981985165;25.997880607559168;133.52172377251856;77.83068783068782;alto PIB per capita / alta intensidade
2300754;Amontada - CE;684586;42156.0;2984.0;0.61;753.0;737.0;4193.0;3389.0;105421.0;2214.68;8.66;36.05;23.48;31.81;16239.349084353355;17.86222601764873;99.46389600531359;80.82518483186263;alto PIB per capita / baixa intensidade
2300804;Antonina do Norte - CE;89238;7245.0;261.0;0.31;160.0;156.0;751.0;629.0;16917.0;2087.79;7.64;3.97;34.52;53.87;12317.184265010352;22.084195997239476;103.65769496204278;83.75499334221038;baixo PIB per capita / alta intensidade
2300903;Apuiarés - CE;134458;12928.0;-733.0;-0.46;244.0;242.0;1216.0;987.0;27344.0;2084.28;10.05;4.76;31.24;53.95;10400.52599009901;18.87376237623762;94.05940594059406;81.16776315789474;baixo PIB per capita / baixa intensidade
2301000;Aquiraz - CE;4429050;80645.0;7993.0;0.87;2427.0;2313.0;22598.0;19882.0;628398.0;2455.59;3.32;34.18;47.25;15.24;54920.32984065968;30.09486018972038;280.21576043152083;87.98123727763519;alto PIB per capita / alta intensidade
2301109;Aracati - CE;1791174;75113.0;5936.0;0.69;2249.0;2136.0;13078.0;10729.0;268988.0;1950.45;8.39;34.02;38.46;19.12;23846.391436901733;29.941554724215518;174.11100608416652;82.03853800275272;alto PIB per capita / alta intensidade
2301208;Aracoiaba - CE;285457;25553.0;215.0;0.07;464.0;451.0;3085.0;2669.0;57979.0;1777.94;17.14;4.21;31.9;46.75;11171.17363910304;18.158337572887724;120.72946425077289;86.51539708265801;baixo PIB per capita / alta intensidade
2301257;Ararendá - CE;117634;11096.0;595.0;0.46;222.0;218.0;1229.0;1020.0;22720.0;1749.17;13.04;5.46;27.34;54.17;10601.478010093728;20.007209805335254;110.7606344628695;82.99430431244915;baixo PIB per capita / alta intensidade
2301307;Araripe - CE;219194;19783.0;-896.0;-0.37;330.0;322.0;1440.0;1147.0;42236.0;2546.5;18.15;4.01;24.23;53.61;11079.917100540868;16.680988727695496;72.78976899358035;79.65277777777777;baixo PIB per capita / baixa intensidade
2301406;Aratuba - CE;159277;11224.0;-792.0;-0.57;187.0;184.0;1119.0;966.0;27369.0;2025.72;35.14;2.72;22.23;39.9;14190.75196008553;16.66072701354241;99.69707769066287;86.32707774798928;alto PIB per capita / baixa intensidade
2301505;Arneiroz - CE;81651;7429.0;-221.0;-0.24;133.0;131.0;684.0;563.0;12835.0;1762.52;21.48;2.72;25.42;50.38;10990.846681922198;17.902813299232736;92.07161125319693;82.30994152046783;baixo PIB per capita / baixa intensidade
2301604;Assaré - CE;273041;21697.0;-701.0;-0.26;388.0;375.0;1897.0;1550.0;38673.0;1993.0;19.8;3.43;33.76;43.01;12584.274323639213;17.88265658846845;87.43144213485736;81.70795993674223;baixo PIB per capita / baixa intensidade
2301703;Aurora - CE;250837;23714.0;-852.0;-0.29;401.0;377.0;1744.0;1345.0;37631.0;1995.15;15.58;3.42;32.15;48.84;10577.591296280678;16.909842287256474;73.54305473559923;77.12155963302753;baixo PIB per capita / baixa intensidade
2301802;Baixio - CE;69658;5704.0;-322.0;-0.46;115.0;113.0;717.0;619.0;13800.0;1849.93;21.75;3.3;22.05;52.9;12212.131837307154;20.161290322580644;125.70126227208978;86.33193863319386;baixo PIB per capita / alta intensidade
2301851;Banabuiú - CE;296956;17195.0;-107.0;-0.05;304.0;299.0;1920.0;1653.0;44800.0;2089.06;21.28;16.61;27.13;34.98;17269.904041872636;17.679558011049725;111.6603663855772;86.09375;alto PIB per capita / alta intensidade
2301901;Barbalha - CE;1599703;75033.0;19510.0;2.54;1652.0;1597.0;13522.0;11654.0;322364.0;2140.7;11.77;16.42;48.0;23.81;21319.99253661722;22.016979195820504;180.21403915610466;86.18547552137258;alto PIB per capita / alta intensidade
2301950;Barreira - CE;267357;22392.0;1739.0;0.68;436.0;430.0;1663.0;1239.0;39194.0;2390.79;15.46;5.98;31.74;46.82;11939.844587352625;19.471239728474455;74.26759556984636;74.50390859891762;baixo PIB per capita / baixa intensidade
2302008;Barro - CE;262523;19381.0;-2139.0;-0.87;356.0;337.0;1539.0;1218.0;35785.0;1929.2;19.3;4.96;33.96;41.79;13545.379495382076;18.36850523708787;79.40766730302875;79.14230019493176;alto PIB per capita / baixa intensidade
2302057;Barroquinha - CE;150759;14567.0;91.0;0.05;262.0;252.0;1442.0;1202.0;30175.0;2142.05;10.37;3.52;28.69;57.42;10349.351273426237;17.98585844717512;98.99086977414704;83.35644937586684;baixo PIB per capita / baixa intensidade
2302107;Baturité - CE;503468;35218.0;1916.0;0.47;859.0;832.0;4243.0;3388.0;102963.0;2133.38;8.78;5.39;49.73;36.1;14295.75785109887;24.390936452950196;120.47816457493326;79.84916332783408;alto PIB per capita / alta intensidade
2302206;Beberibe - CE;1208892;53114.0;4019.0;0.66;1103.0;1056.0;6060.0;4858.0;127185.0;2097.75;36.49;16.58;24.38;22.55;22760.32684414655;20.766652859886285;114.09421244869526;80.16501650165017;alto PIB per capita / alta intensidade
2302305;Bela Cruz - CE;353476;32775.0;2030.0;0.53;519.0;500.0;2335.0;1830.0;62469.0;2457.06;21.36;5.04;27.96;45.64;10784.927536231884;15.835240274599542;71.24332570556827;78.37259100642399;baixo PIB per capita / baixa intensidade
2302404;Boa Viagem - CE;584404;50411.0;-2010.0;-0.33;940.0;910.0;4334.0;3449.0;92603.0;2043.9;12.3;7.34;37.69;42.67;11592.787288488624;18.646723929301142;85.97329947828847;79.58006460544532;baixo PIB per capita / baixa intensidade
2302503;Brejo Santo - CE;1009688;51090.0;5901.0;1.03;1190.0;1134.0;10811.0;9369.0;228626.0;1953.49;11.12;15.74;42.57;30.57;19762.9281659816;23.29222939909963;211.60696809551771;86.66173341966515;alto PIB per capita / alta intensidade
2302602;Camocim - CE;855906;62326.0;2168.0;0.3;1357.0;1306.0;7046.0;5699.0;153021.0;1685.49;12.19;19.53;35.59;32.69;13732.727914514007;21.772614960048777;113.0507332413439;80.8827703661652;alto PIB per capita / alta intensidade
2302701;Campos Sales - CE;314915;25135.0;-1343.0;-0.43;551.0;535.0;2474.0;1973.0;43760.0;1752.61;14.11;3.7;40.17;42.02;12528.943703998408;21.92162323453352;98.42848617465685;79.74939369442198;baixo PIB per capita / baixa intensidade
2302800;Canindé - CE;1021411;74174.0;946.0;0.11;1878.0;1797.0;10991.0;9122.0;259278.0;2320.99;7.17;8.6;43.77;40.45;13770.472133092459;25.31884487825923;148.1786070590773;82.99517787280503;alto PIB per capita / alta intensidade
2302909;Capistrano - CE;190140;17254.0;291.0;0.14;265.0;262.0;1216.0;978.0;33564.0;2213.67;15.86;3.16;31.02;49.95;11020.053320969051;15.35875738959082;70.47641126695258;80.42763157894737;baixo PIB per capita / baixa intensidade
2303006;Caridade - CE;187437;16377.0;-3579.0;-1.63;305.0;295.0;1665.0;1362.0;36205.0;2199.04;12.0;4.24;32.34;51.42;11445.136471881297;18.62367955058924;101.6669719728888;81.8018018018018;baixo PIB per capita / baixa intensidade
2303105;Cariré - CE;208196;17632.0;-355.0;-0.17;303.0;300.0;1568.0;1246.0;32427.0;1576.68;29.41;4.42;22.91;43.26;11807.84936479129;17.184664246823957;88.92921960072596;79.46428571428571;baixo PIB per capita / baixa intensidade
2303204;Caririaçu - CE;271670;26320.0;84.0;0.03;319.0;317.0;2080.0;1789.0;48548.0;2082.83;19.04;3.37;26.97;50.62;10321.808510638299;12.120060790273557;79.0273556231003;86.00961538461539;baixo PIB per capita / baixa intensidade
2303303;Cariús - CE;193985;17015.0;-1305.0;-0.61;328.0;317.0;1188.0;906.0;24102.0;2098.06;29.65;3.0;24.19;43.16;11400.822803408757;19.27710843373494;69.82074640023508;76.26262626262627;baixo PIB per capita / baixa intensidade
2303402;Carnaubal - CE;185440;17210.0;673.0;0.33;276.0;270.0;1591.0;1342.0;34455.0;1952.95;11.18;4.37;30.7;53.76;10775.130737943056;16.037187681580477;92.44625217896572;84.34946574481458;baixo PIB per capita / baixa intensidade
2303501;Cascavel - CE;1182740;72720.0;6823.0;0.82;1726.0;1639.0;11677.0;9897.0;237325.0;1934.71;12.96;13.07;41.86;32.11;16264.301430143014;23.734873487348736;160.57480748074806;84.75635865376381;alto PIB per capita / alta intensidade
2303600;Catarina - CE;132473;10243.0;-8462.0;-4.89;189.0;184.0;1010.0;842.0;27630.0;2128.25;16.64;2.52;23.8;57.04;12933.02743336913;18.4516255003417;98.60392463145563;83.36633663366337;baixo PIB per capita / baixa intensidade
2303659;Catunda - CE;117230;10444.0;616.0;0.51;232.0;223.0;1002.0;804.0;28517.0;2640.8;15.15;3.09;27.5;54.25;11224.626579854463;22.213711221754117;95.9402527767139;80.23952095808383;baixo PIB per capita / baixa intensidade
2303709;Caucaia - CE;9891544;355679.0;36042.0;0.89;8108.0;7678.0;53554.0;45512.0;1421985.0;2395.77;0.77;43.88;39.24;16.11;27810.312107265258;22.79583557083775;150.56834955114022;84.9833812600366;alto PIB per capita / alta intensidade
2303808;Cedro - CE;260564;22344.0;-2448.0;-0.86;445.0;428.0;1863.0;1431.0;40772.0;2210.09;17.57;3.45;34.02;44.96;11661.475116362335;19.915861081274617;83.3780880773362;76.81159420289855;baixo PIB per capita / baixa intensidade
2303907;Chaval - CE;125251;12462.0;-153.0;-0.1;199.0;194.0;1757.0;1588.0;26622.0;1286.29;5.42;4.55;32.56;57.47;10050.6339271385;15.968544374899697;140.9886053602953;90.38133181559476;baixo PIB per capita / alta intensidade
2303931;Choró - CE;192951;12113.0;-740.0;-0.49;189.0;187.0;650.0;481.0;22031.0;2341.26;8.08;4.78;50.78;36.36;15929.249566581359;15.603071080657145;53.66135556839759;74.0;alto PIB per capita / baixa intensidade
2303956;Chorozinho - CE;255377;20163.0;410.0;0.17;401.0;399.0;2333.0;1911.0;47378.0;1891.06;8.71;11.19;37.45;42.65;12665.625154986858;19.887913504934783;115.70698804741359;81.91170167166739;baixo PIB per capita / alta intensidade
2304004;Coreaú - CE;236193;20953.0;-785.0;-0.31;337.0;325.0;1569.0;1242.0;35714.0;1910.68;12.24;4.5;33.07;50.19;11272.514675702763;16.083615711353982;74.8818784899537;79.1586998087954;baixo PIB per capita / baixa intensidade
2304103;Crateús - CE;1088879;76390.0;3573.0;0.4;1995.0;1895.0;8749.0;6640.0;198790.0;2097.21;10.39;5.64;49.32;34.65;14254.208666055767;26.115983767508837;114.53069773530567;75.89438793004915;alto PIB per capita / alta intensidade
2304202;Crato - CE;2178406;131050.0;9790.0;0.65;3552.0;3372.0;21989.0;18149.0;546004.0;2354.18;3.97;11.33;54.37;30.33;16622.708889736743;27.104158718046545;167.79091949637544;82.536722906908;alto PIB per capita / alta intensidade
2304236;Croatá - CE;233557;17481.0;415.0;0.2;280.0;269.0;1080.0;823.0;29722.0;2254.56;34.69;2.6;24.61;38.1;13360.620101824838;16.017390309478863;61.781362622275616;76.20370370370371;alto PIB per capita / baixa intensidade
2304251;Cruz - CE;470272;29761.0;6778.0;2.18;952.0;915.0;3590.0;2560.0;78210.0;1951.52;7.85;5.21;48.89;38.06;15801.619569234905;31.98817244044219;120.62766708107927;71.3091922005571;alto PIB per capita / alta intensidade
2304269;Deputado Irapuan Pinheiro - CE;111392;8932.0;-165.0;-0.15;177.0;172.0;810.0;651.0;18622.0;2055.06;24.26;2.3;27.22;46.23;12471.115091804748;19.81639050604568;90.68517689207344;80.37037037037037;baixo PIB per capita / baixa intensidade
2304277;Ereré - CE;93228;6474.0;-328.0;-0.41;101.0;100.0;715.0;627.0;16549.0;2050.18;26.57;3.22;22.88;47.32;14400.370713623726;15.600864998455359;110.4417670682731;87.6923076923077;alto PIB per capita / alta intensidade
2304285;Eusébio - CE;4557316;74170.0;28137.0;4.06;6112.0;5983.0;51973.0;43459.0;1444263.0;2682.26;0.88;32.84;53.17;13.11;61444.19576648241;82.40528515572333;700.7280571659701;83.61841725511323;alto PIB per capita / alta intensidade
2304301;Farias Brito - CE;225755;18217.0;-1400.0;-0.62;334.0;326.0;1505.0;1197.0;38562.0;2272.55;23.99;3.23;25.68;47.11;12392.545424603393;18.33452269857825;82.61513970467146;79.53488372093022;baixo PIB per capita / baixa intensidade
2304350;Forquilha - CE;310510;24173.0;2559.0;0.94;506.0;500.0;2763.0;2266.0;60515.0;1822.06;9.61;18.77;34.55;37.07;12845.323294584867;20.93244529019981;114.30107971703968;82.01230546507419;baixo PIB per capita / alta intensidade
2304400;Fortaleza - CE;81362333;2428708.0;-31004.0;-0.11;122522.0;112708.0;951646.0;802592.0;34250818.0;3398.34;0.18;13.98;69.01;16.83;33500.253221054154;50.44739836983285;391.83220049507804;84.33724305046204;alto PIB per capita / alta intensidade
2304459;Fortim - CE;331346;17294.0;2503.0;1.31;520.0;512.0;2470.0;1824.0;54242.0;1967.74;9.12;37.02;29.01;24.85;19159.592922400832;30.068231756678617;142.8241008442234;73.84615384615385;alto PIB per capita / alta intensidade
2304509;Frecheirinha - CE;356851;15657.0;2430.0;1.42;288.0;273.0;4369.0;4125.0;82859.0;1649.55;4.6;35.64;30.85;28.92;22791.786421408953;18.39432841540525;279.0445168295331;94.4151979858091;alto PIB per capita / alta intensidade
2304608;General Sampaio - CE;89926;6734.0;-46.0;-0.06;151.0;150.0;756.0;594.0;17322.0;2053.76;10.8;2.97;33.58;52.65;13354.024354024354;22.423522423522424;112.26611226611227;78.57142857142857;alto PIB per capita / alta intensidade
2304657;Graça - CE;136808;13801.0;-241.0;-0.14;192.0;186.0;1005.0;837.0;29058.0;2661.39;10.93;3.63;26.09;59.35;9912.904861966525;13.91203535975654;72.82081008622563;83.28358208955224;baixo PIB per capita / baixa intensidade
2304707;Granja - CE;514903;53344.0;1627.0;0.26;653.0;624.0;3981.0;3423.0;96062.0;2025.1;14.56;4.32;31.58;49.54;9652.50074985003;12.24130173965207;74.62882423515296;85.98342125094197;baixo PIB per capita / baixa intensidade
2304806;Granjeiro - CE;55419;4841.0;-184.0;-0.31;80.0;79.0;556.0;499.0;11701.0;1702.83;20.58;3.46;20.73;55.24;11447.841355091923;16.525511258004546;114.85230324313159;89.74820143884892;baixo PIB per capita / alta intensidade
2304905;Groaíras - CE;123687;10910.0;763.0;0.61;313.0;310.0;1247.0;956.0;25133.0;1824.91;9.72;5.7;32.68;51.9;11337.030247479377;28.689275893675525;114.29880843263061;76.66399358460305;baixo PIB per capita / alta intensidade
2304954;Guaiúba - CE;272368;24325.0;821.0;0.29;369.0;364.0;2378.0;1944.0;48983.0;1944.78;10.63;6.88;29.64;52.85;11197.040082219939;15.169578622816033;97.75950668037;81.74936921783012;baixo PIB per capita / baixa intensidade
2305001;Guaraciaba do Norte - CE;728027;42053.0;3505.0;0.73;926.0;894.0;3899.0;2985.0;80255.0;2159.72;40.0;3.12;28.78;28.1;17312.1299312772;22.019832116614747;92.7163341497634;76.55809181841498;alto PIB per capita / baixa intensidade
2305100;Guaramiranga - CE;94083;5654.0;10.0;0.01;249.0;242.0;1208.0;952.0;21126.0;1736.05;13.03;4.2;42.73;40.04;16640.077821011673;44.03961796957906;213.65405022992573;78.80794701986756;alto PIB per capita / alta intensidade
2305209;Hidrolândia - CE;204119;17855.0;-1041.0;-0.47;338.0;336.0;1560.0;1246.0;31182.0;1921.85;18.53;4.95;30.01;46.51;11432.035844301316;18.93027163259591;87.37048445813497;79.87179487179488;baixo PIB per capita / baixa intensidade
2305233;Horizonte - CE;2501483;74755.0;19568.0;2.56;1653.0;1508.0;22530.0;20922.0;497819.0;1875.79;5.88;41.98;34.55;17.6;33462.417229616745;22.112233295431743;301.3845227743964;92.86284953395473;alto PIB per capita / alta intensidade
2305266;Ibaretama - CE;144293;11956.0;-983.0;-0.66;210.0;208.0;1078.0;915.0;24966.0;2229.77;17.36;3.75;26.59;52.3;12068.668450986952;17.564402810304447;90.16393442622952;84.87940630797773;baixo PIB per capita / baixa intensidade
2305308;Ibiapina - CE;380747;23965.0;239.0;0.08;430.0;414.0;1983.0;1566.0;44243.0;2207.16;28.75;11.2;25.2;34.85;15887.627790527853;17.9428332985604;82.74567076987273;78.9712556732224;alto PIB per capita / baixa intensidade
2305332;Ibicuitinga - CE;125308;11611.0;276.0;0.2;188.0;185.0;1153.0;991.0;23934.0;1990.84;15.96;3.47;27.16;53.41;10792.179829472052;16.19154250279907;99.30238566876238;85.94969644405897;baixo PIB per capita / baixa intensidade
2305357;Icapuí - CE;400632;21433.0;3041.0;1.28;670.0;658.0;4464.0;3792.0;99269.0;2227.64;13.82;31.16;27.12;27.9;18692.296925302104;31.260206224047028;208.27695609574022;84.94623655913979;alto PIB per capita / alta intensidade
2305407;Icó - CE;796420;62642.0;-2715.0;-0.35;1191.0;1147.0;6520.0;5275.0;120751.0;1893.53;15.99;6.1;37.91;40.0;12713.834168768557;19.012802911784423;104.08352223747646;80.90490797546013;baixo PIB per capita / alta intensidade
2305506;Iguatu - CE;2054539;98064.0;2821.0;0.24;3526.0;3346.0;18052.0;14299.0;358299.0;1927.93;13.28;8.69;52.19;25.84;20951.001386849406;35.956110295317345;184.0838635992821;79.21005982716596;alto PIB per capita / alta intensidade
2305605;Independência - CE;347468;24024.0;-1549.0;-0.52;552.0;536.0;1877.0;1340.0;37853.0;2157.38;38.51;4.21;23.41;33.88;14463.369963369963;22.977022977022976;78.13020313020314;71.39051678209908;alto PIB per capita / baixa intensidade
2305654;Ipaporanga - CE;116772;11575.0;228.0;0.17;163.0;160.0;877.0;732.0;22386.0;1532.72;24.15;2.88;25.42;47.55;10088.29373650108;14.082073434125268;75.76673866090712;83.46636259977195;baixo PIB per capita / baixa intensidade
2305704;Ipaumirim - CE;167158;12083.0;74.0;0.05;274.0;254.0;1243.0;1008.0;24275.0;1858.98;18.2;5.64;34.72;41.45;13834.147148886866;22.67648762724489;102.87180336009268;81.09412711182623;alto PIB per capita / alta intensidade
2305803;Ipu - CE;575072;41081.0;789.0;0.16;928.0;899.0;4453.0;3542.0;89278.0;1889.52;23.21;3.96;36.77;36.06;13998.490786494973;22.589518268786055;108.39560867554344;79.54188187738603;alto PIB per capita / alta intensidade
2305902;Ipueiras - CE;385582;36798.0;-1078.0;-0.24;629.0;623.0;2417.0;1808.0;67330.0;2137.2;11.12;2.49;32.84;53.55;10478.341214196424;17.09332028914615;65.68291754986684;74.80347538270583;baixo PIB per capita / baixa intensidade
2306009;Iracema - CE;211262;14001.0;241.0;0.14;406.0;389.0;1303.0;944.0;32278.0;2695.7;24.27;3.96;30.63;41.14;15089.065066780944;28.99792871937719;93.06478108706521;72.44819646968534;alto PIB per capita / baixa intensidade
2306108;Irauçuba - CE;251621;23915.0;1591.0;0.58;407.0;400.0;2177.0;1837.0;53110.0;2058.87;10.2;7.04;31.51;51.25;10521.47187957349;17.01860756847167;91.03073384904872;84.38217730822232;baixo PIB per capita / baixa intensidade
2306207;Itaiçaba - CE;89380;7536.0;220.0;0.25;168.0;164.0;911.0;771.0;17024.0;1785.31;12.73;4.99;30.21;52.07;11860.403397027601;22.292993630573246;120.8864118895966;84.63227222832053;baixo PIB per capita / alta intensidade
2306256;Itaitinga - CE;1588814;64650.0;30548.0;5.47;1379.0;1332.0;11353.0;9875.0;328994.0;2649.97;0.72;18.32;61.88;19.08;24575.622583139986;21.330239752513535;175.60711523588554;86.98141460406941;alto PIB per capita / alta intensidade
2306306;Itapajé - CE;702418;46426.0;-1644.0;-0.29;910.0;883.0;6043.0;5150.0;137368.0;1856.63;11.31;14.86;36.06;37.77;15129.84103734976;19.601085598587;130.16413216732005;85.22257157041204;alto PIB per capita / alta intensidade
2306405;Itapipoca - CE;2129866;131123.0;15047.0;1.02;2314.0;2206.0;17887.0;15391.0;438445.0;2085.93;6.2;16.28;44.93;32.59;16243.267771481738;17.647552298223804;136.41390145130907;86.04573153687035;alto PIB per capita / alta intensidade
2306504;Itapiúna - CE;182347;17841.0;-891.0;-0.41;254.0;249.0;1341.0;1120.0;30132.0;2191.67;12.18;3.3;27.57;56.95;10220.67148702427;14.23687013059806;75.1639482091811;83.51976137211037;baixo PIB per capita / baixa intensidade
2306553;Itarema - CE;722769;42957.0;5504.0;1.15;924.0;890.0;3941.0;2981.0;102891.0;2613.04;10.73;42.17;21.82;25.28;16825.40680215099;21.509881974998255;91.74290569639406;75.64070032986552;alto PIB per capita / baixa intensidade
2306603;Itatira - CE;190135;20424.0;908.0;0.38;450.0;437.0;1311.0;903.0;40226.0;1683.0;11.72;2.6;27.65;58.04;9309.390912651783;22.032902467685076;64.18918918918918;68.8787185354691;baixo PIB per capita / baixa intensidade
2306702;Jaguaretama - CE;257163;17232.0;-702.0;-0.33;388.0;382.0;1522.0;1171.0;31224.0;2094.96;32.87;4.68;26.1;36.34;14923.57242339833;22.516248839368615;88.32404828226555;76.93823915900131;alto PIB per capita / baixa intensidade
2306801;Jaguaribara - CE;165067;10356.0;3.0;0.0;262.0;255.0;1169.0;924.0;29882.0;2171.54;21.39;4.42;31.19;43.0;15939.262263422172;25.29934337582078;112.88142139822325;79.04191616766467;alto PIB per capita / alta intensidade
2306900;Jaguaribe - CE;637711;33726.0;-683.0;-0.17;1071.0;1023.0;4110.0;3010.0;117750.0;2473.71;17.48;10.22;42.05;30.26;18908.58684694301;31.755915317559154;121.86443693293009;73.2360097323601;alto PIB per capita / alta intensidade
2307007;Jaguaruana - CE;598757;31701.0;-158.0;-0.04;963.0;928.0;4959.0;3945.0;89014.0;1767.73;17.34;24.16;28.21;30.28;18887.637613955394;30.377590612283527;156.43039651746003;79.55232909860858;alto PIB per capita / alta intensidade
2307106;Jardim - CE;310208;27411.0;837.0;0.26;544.0;535.0;2251.0;1710.0;51069.0;2369.3;23.85;3.59;26.77;45.78;11316.916566341979;19.846047207325526;82.12031666119442;75.96623722789872;baixo PIB per capita / baixa intensidade
2307205;Jati - CE;140334;7861.0;92.0;0.1;129.0;128.0;816.0;719.0;17707.0;1958.13;14.28;2.81;48.7;34.2;17851.927235720646;16.410125938175806;103.80358732985626;88.11274509803921;alto PIB per capita / alta intensidade
2307254;Jijoca de Jericoacoara - CE;696532;25555.0;8597.0;3.48;1377.0;1287.0;6923.0;5432.0;126415.0;1795.17;1.8;5.24;69.0;23.95;27256.192525924478;53.883780082175704;270.90588925846214;78.46309403437816;alto PIB per capita / alta intensidade
2307304;Juazeiro do Norte - CE;5783730;286120.0;36025.0;1.13;10042.0;9419.0;62913.0;51668.0;1472252.0;2196.61;0.71;9.43;66.51;23.35;20214.350622116595;35.09716202991751;219.88326576261707;82.12611066075374;alto PIB per capita / alta intensidade
2307403;Jucás - CE;347057;23922.0;115.0;0.04;446.0;433.0;2001.0;1580.0;55615.0;2414.96;18.34;10.57;32.73;38.35;14507.85887467603;18.643926093136024;83.6468522698771;78.96051974012993;alto PIB per capita / baixa intensidade
2307502;Lavras da Mangabeira - CE;390628;30802.0;-230.0;-0.06;602.0;582.0;2296.0;1700.0;53638.0;2279.65;27.27;4.15;29.11;39.48;12681.903772482307;19.544185442503732;74.5406142458282;74.0418118466899;baixo PIB per capita / baixa intensidade
2307601;Limoeiro do Norte - CE;1651936;59560.0;4380.0;0.64;1977.0;1892.0;11059.0;9011.0;236621.0;2111.93;26.26;11.96;41.82;19.96;27735.66151779718;33.19341840161182;185.67830758898592;81.48114657744823;alto PIB per capita / alta intensidade
2307635;Madalena - CE;208238;16896.0;-835.0;-0.4;357.0;351.0;1607.0;1264.0;36663.0;2183.44;12.78;3.34;30.55;53.33;12324.692234848484;21.129261363636363;95.11126893939394;78.65588052271313;baixo PIB per capita / baixa intensidade
2307650;Maracanaú - CE;14004934;234509.0;25411.0;0.96;7064.0;6650.0;70298.0;62628.0;2118821.0;2651.87;0.21;37.87;50.72;11.21;59720.24101420415;30.122511289545393;299.76674669202464;89.08930552789553;alto PIB per capita / alta intensidade
2307700;Maranguape - CE;1793354;105093.0;-8912.0;-0.68;2199.0;2039.0;16945.0;14723.0;391355.0;2039.06;4.55;20.93;40.49;34.03;17064.447679674195;20.92432417002084;161.23814145566308;86.88698731189142;alto PIB per capita / alta intensidade
2307809;Marco - CE;410771;25799.0;1101.0;0.36;685.0;641.0;3906.0;3050.0;81227.0;2043.93;7.34;12.5;42.1;38.06;15921.973719911624;26.551416721578356;151.40121710143802;78.08499743983614;alto PIB per capita / alta intensidade
2307908;Martinópole - CE;109552;10846.0;632.0;0.5;164.0;158.0;984.0;847.0;20884.0;1727.46;8.06;3.63;29.86;58.44;10100.682279181265;15.120781855061775;90.72469113037064;86.07723577235772;baixo PIB per capita / baixa intensidade
2308005;Massapê - CE;441702;37697.0;2507.0;0.58;637.0;621.0;3493.0;2909.0;67248.0;1788.05;7.56;15.08;32.34;45.02;11717.165822213969;16.897896384327666;92.65989336021434;83.28084740910391;baixo PIB per capita / baixa intensidade
2308104;Mauriti - CE;640789;45561.0;429.0;0.08;803.0;775.0;3876.0;3042.0;83987.0;2119.44;26.14;3.8;27.43;42.63;14064.41913039661;17.624722898970614;85.07275959702378;78.48297213622291;alto PIB per capita / baixa intensidade
2308203;Meruoca - CE;143855;15157.0;1558.0;0.91;306.0;306.0;1457.0;1134.0;30640.0;2172.99;7.01;6.33;28.17;58.49;9490.994260077852;20.188691693606913;96.12720195289305;77.83115991763898;baixo PIB per capita / baixa intensidade
2308302;Milagres - CE;317938;25900.0;-1518.0;-0.47;494.0;486.0;2649.0;2140.0;66867.0;2218.25;12.98;12.0;32.32;42.71;12275.598455598456;19.073359073359075;102.27799227799228;80.78520196300491;baixo PIB per capita / baixa intensidade
2308351;Milhã - CE;226109;14123.0;1108.0;0.68;288.0;282.0;1071.0;800.0;26514.0;2448.05;42.88;1.96;22.96;32.19;16009.98371450825;20.392267931742545;75.8337463711676;74.69654528478058;alto PIB per capita / baixa intensidade
2308377;Miraíma - CE;127318;14196.0;1330.0;0.82;152.0;152.0;221.0;87.0;1253.0;1200.74;12.94;3.0;23.21;60.85;8968.58269935193;10.707241476472246;15.567765567765568;39.366515837104075;baixo PIB per capita / baixa intensidade
2308401;Missão Velha - CE;586551;36822.0;2924.0;0.69;593.0;573.0;3472.0;2873.0;83003.0;2152.27;40.04;4.15;22.78;33.03;15929.362880886427;16.104502742925426;94.29145619466624;82.74769585253456;alto PIB per capita / baixa intensidade
2308500;Mombaça - CE;531262;37735.0;-4640.0;-0.96;800.0;775.0;3440.0;2714.0;71324.0;2014.03;17.72;7.13;33.19;41.95;14078.759772094872;21.20047701073274;91.16205114615079;78.8953488372093;alto PIB per capita / baixa intensidade
2308609;Monsenhor Tabosa - CE;179307;17149.0;396.0;0.19;307.0;291.0;1471.0;1184.0;32620.0;2138.07;13.24;2.7;31.0;53.06;10455.8283281824;17.901918479211613;85.77759636130386;80.48946295037389;baixo PIB per capita / baixa intensidade
2308708;Morada Nova - CE;1570710;61443.0;-598.0;-0.08;1321.0;1266.0;11073.0;9805.0;249966.0;2002.44;17.81;27.0;32.56;22.64;25563.693179043992;21.49960125644907;180.21580977491334;88.54872211686083;alto PIB per capita / alta intensidade
2308807;Moraújo - CE;80172;8254.0;204.0;0.21;111.0;108.0;892.0;672.0;14632.0;1687.18;18.74;2.96;25.23;53.08;9713.108795735401;13.448025199903077;108.06881511994185;75.33632286995515;baixo PIB per capita / alta intensidade
2308906;Morrinhos - CE;220951;22753.0;2030.0;0.78;404.0;395.0;1797.0;1411.0;34476.0;1943.63;7.78;6.11;34.09;52.02;9710.851316309938;17.755900320836812;78.9785962290687;78.519755147468;baixo PIB per capita / baixa intensidade
2309003;Mucambo - CE;144254;13666.0;-472.0;-0.28;227.0;221.0;1404.0;1191.0;27082.0;1448.11;8.73;3.97;34.18;53.12;10555.685643202107;16.610566369091174;102.73671886433485;84.82905982905983;baixo PIB per capita / baixa intensidade
2309102;Mulungu - CE;134732;10569.0;1035.0;0.86;188.0;187.0;1049.0;883.0;24384.0;1936.44;26.04;3.21;24.94;45.81;12747.847478474785;17.787870186394173;99.25253098684833;84.17540514775978;baixo PIB per capita / baixa intensidade
2309201;Nova Olinda - CE;179077;15399.0;1213.0;0.69;329.0;318.0;1822.0;1529.0;37753.0;1921.58;11.0;8.51;32.57;47.92;11629.131761802715;21.365023702837846;118.31937138775245;83.91877058177826;baixo PIB per capita / alta intensidade
2309300;Nova Russas - CE;381139;30699.0;-248.0;-0.07;799.0;764.0;3541.0;2721.0;69113.0;1945.92;5.19;3.53;45.41;45.88;12415.355549040685;26.0269064138897;115.34577673539854;76.84269980231574;baixo PIB per capita / alta intensidade
2309409;Novo Oriente - CE;302450;27545.0;110.0;0.03;535.0;525.0;2238.0;1743.0;48034.0;2151.63;16.39;7.53;29.67;46.41;10980.214194953713;19.422762751860592;81.24886549282992;77.88203753351206;baixo PIB per capita / baixa intensidade
2309458;Ocara - CE;304032;24493.0;473.0;0.16;430.0;423.0;1359.0;939.0;43180.0;2217.35;18.32;12.27;27.89;41.53;12413.015963744743;17.55603641856857;55.4852406810109;69.09492273730685;baixo PIB per capita / baixa intensidade
2309508;Orós - CE;234968;19675.0;-1714.0;-0.69;391.0;373.0;1606.0;1261.0;37778.0;2231.29;16.18;3.65;33.13;47.04;11942.46505717916;19.872935196950444;81.62642947903431;78.51805728518057;baixo PIB per capita / baixa intensidade
2309607;Pacajus - CE;1534458;70983.0;9145.0;1.16;1621.0;1551.0;10338.0;8635.0;252909.0;2167.78;3.89;35.19;37.57;23.35;21617.260470816957;22.836453798796896;145.64050547314145;83.52679435093829;alto PIB per capita / alta intensidade
2309706;Pacatuba - CE;1460733;81524.0;9943.0;1.09;1335.0;1249.0;8185.0;6855.0;211200.0;2120.53;2.6;30.09;39.1;28.21;17917.827878906824;16.375545851528383;100.3998822432658;83.75076359193648;alto PIB per capita / baixa intensidade
2309805;Pacoti - CE;153002;11186.0;-594.0;-0.43;240.0;236.0;1245.0;1015.0;24425.0;1995.56;31.8;3.54;26.14;38.51;13677.9903450742;21.45539066690506;111.29983908457;81.52610441767068;alto PIB per capita / alta intensidade
2309904;Pacujá - CE;68377;6175.0;-78.0;-0.1;140.0;139.0;733.0;619.0;14372.0;1793.03;7.45;4.62;31.16;56.77;11073.198380566802;22.672064777327936;118.70445344129554;84.4474761255116;baixo PIB per capita / alta intensidade
2310001;Palhano - CE;116455;9346.0;480.0;0.44;179.0;176.0;1127.0;925.0;23229.0;2018.14;19.08;4.73;28.93;47.26;12460.410870960839;19.152578643269848;120.5863471003638;82.07630878438333;baixo PIB per capita / alta intensidade
2310100;Palmácia - CE;120067;10242.0;-1752.0;-1.31;156.0;151.0;903.0;780.0;20510.0;2080.41;25.19;2.66;20.62;51.53;11723.003319664129;15.231400117164617;88.16637375512596;86.37873754152824;baixo PIB per capita / baixa intensidade
2310209;Paracuru - CE;595518;38980.0;6670.0;1.58;938.0;905.0;4480.0;3527.0;100560.0;2308.43;9.52;18.43;39.33;32.73;15277.526936890714;24.06362237044638;114.93073370959466;78.72767857142857;alto PIB per capita / alta intensidade
2310258;Paraipaba - CE;643388;32216.0;2367.0;0.64;810.0;788.0;4828.0;3964.0;108835.0;2149.41;25.54;16.57;28.89;29.01;19971.070275639435;25.142786193195928;149.86342190216044;82.10439105219552;alto PIB per capita / alta intensidade
2310308;Parambu - CE;309635;31445.0;-46.0;-0.01;548.0;537.0;2681.0;2151.0;36661.0;1318.49;17.59;2.98;32.22;47.21;9846.875496899349;17.427253935442838;85.25997773890921;80.23125699365909;baixo PIB per capita / baixa intensidade
2310407;Paramoti - CE;121524;10384.0;-1379.0;-1.03;199.0;197.0;889.0;721.0;19165.0;2047.52;17.54;3.63;26.2;52.63;11703.004622496148;19.164098613251156;85.61248073959939;81.10236220472441;baixo PIB per capita / baixa intensidade
2310506;Pedra Branca - CE;411066;40187.0;-1746.0;-0.35;737.0;714.0;4355.0;3634.0;76241.0;1640.47;11.03;2.6;33.52;52.85;10228.83021872745;18.339263941075473;108.36837783362779;83.4443168771527;baixo PIB per capita / alta intensidade
2310605;Penaforte - CE;142781;8972.0;673.0;0.65;200.0;196.0;983.0;802.0;21999.0;1926.09;12.46;4.75;38.88;43.91;15914.065983058405;22.29157378510923;109.56308515381185;81.58697863682605;alto PIB per capita / alta intensidade
2310704;Pentecoste - CE;537433;37813.0;2162.0;0.49;728.0;712.0;5144.0;4430.0;116818.0;1940.47;13.07;16.23;30.95;39.75;14212.916192843732;19.252637981646522;136.03787057361225;86.11975116640747;alto PIB per capita / alta intensidade
2310803;Pereiro - CE;530452;15274.0;-483.0;-0.26;255.0;247.0;4748.0;4503.0;110436.0;1892.74;7.23;2.87;74.4;15.51;34729.082100301166;16.69503731831871;310.8550477936363;94.83993260320135;alto PIB per capita / alta intensidade
2310852;Pindoretama - CE;320047;23391.0;5057.0;2.05;555.0;540.0;3074.0;2476.0;57854.0;1900.21;10.47;6.14;40.89;42.5;13682.484716343894;23.727074515839423;131.41806677782054;80.54651919323356;alto PIB per capita / alta intensidade
2310902;Piquet Carneiro - CE;181463;16616.0;1147.0;0.6;275.0;271.0;1269.0;1014.0;27317.0;2113.32;18.53;2.8;28.72;49.95;10920.979778526722;16.550312951372174;76.37217140105922;79.90543735224587;baixo PIB per capita / baixa intensidade
2310951;Pires Ferreira - CE;91198;10606.0;343.0;0.27;138.0;138.0;906.0;797.0;15104.0;1490.19;21.8;3.45;21.23;53.52;8598.717706958325;13.011502922873845;85.42334527625871;87.96909492273731;baixo PIB per capita / baixa intensidade
2311009;Poranga - CE;128390;12065.0;73.0;0.05;163.0;160.0;871.0;725.0;24980.0;2378.2;10.02;3.64;31.27;55.08;10641.52507252383;13.510153336096145;72.19229175300455;83.23765786452354;baixo PIB per capita / baixa intensidade
2311108;Porteiras - CE;207091;17050.0;2002.0;1.05;249.0;246.0;1489.0;1263.0;32415.0;2131.59;28.45;4.61;24.85;42.09;12146.099706744868;14.604105571847509;87.33137829912023;84.82202820685023;baixo PIB per capita / baixa intensidade
2311207;Potengi - CE;115651;8833.0;-1440.0;-1.25;179.0;177.0;902.0;755.0;20685.0;2130.08;19.28;4.54;29.4;46.78;13093.060115476055;20.264915657194614;102.11706102117061;83.70288248337029;alto PIB per capita / baixa intensidade
2311231;Potiretama - CE;92924;5974.0;-152.0;-0.21;144.0;141.0;725.0;603.0;17189.0;1796.37;31.88;4.68;22.73;40.71;15554.737194509542;24.104452628054904;121.35922330097088;83.17241379310344;alto PIB per capita / alta intensidade
2311264;Quiterianópolis - CE;211391;20213.0;292.0;0.12;348.0;343.0;1533.0;1214.0;28782.0;1821.19;15.87;3.09;29.71;51.34;10458.170484341761;17.21664275466284;75.84227972097166;79.19112850619699;baixo PIB per capita / baixa intensidade
2311306;Quixadá - CE;1283066;84168.0;3560.0;0.36;1848.0;1740.0;11265.0;9388.0;248074.0;2184.36;10.25;6.46;47.92;35.37;15244.107024047144;21.956087824351297;133.83946392928428;83.33777185974257;alto PIB per capita / alta intensidade
2311355;Quixelô - CE;214522;15910.0;-229.0;-0.12;289.0;277.0;1226.0;968.0;29748.0;2085.18;35.67;2.25;23.86;38.22;13483.469516027655;18.164676304211188;77.05845380263985;78.95595432300163;alto PIB per capita / baixa intensidade
2311405;Quixeramobim - CE;1725840;82177.0;9017.0;0.97;1593.0;1528.0;14156.0;12527.0;316526.0;1973.75;11.67;22.66;40.67;25.0;21001.49676916899;19.38498606666099;172.26231183907905;88.4925120090421;alto PIB per capita / alta intensidade
2311504;Quixeré - CE;682150;20874.0;473.0;0.19;507.0;486.0;4174.0;3686.0;120084.0;2580.79;18.59;40.4;22.88;18.13;32679.409792085848;24.28858867490658;199.96167481076938;88.30857690464782;alto PIB per capita / alta intensidade
2311603;Redenção - CE;450867;27214.0;-408.0;-0.12;489.0;458.0;3733.0;3318.0;163331.0;3866.41;24.82;7.88;33.12;34.17;16567.465275225986;17.968692584699053;137.1720438009848;88.88293597642647;alto PIB per capita / alta intensidade
2311702;Reriutaba - CE;213295;18606.0;-497.0;-0.22;482.0;476.0;2038.0;1545.0;37516.0;1872.6;12.36;7.85;34.82;44.98;11463.775126303342;25.905621842416426;109.53455874449102;75.80961727183512;baixo PIB per capita / alta intensidade
2311801;Russas - CE;1332638;72928.0;2520.0;0.29;2016.0;1939.0;13778.0;11726.0;281354.0;1873.45;11.63;14.69;41.65;32.03;18273.338086880212;27.643703378674857;188.9260640631856;85.10669182755117;alto PIB per capita / alta intensidade
2311900;Saboeiro - CE;164970;13854.0;-1938.0;-1.09;237.0;236.0;985.0;774.0;29695.0;1920.81;32.39;2.44;20.8;44.37;11907.752273711563;17.106972715461236;71.0985996824022;78.57868020304568;baixo PIB per capita / baixa intensidade
2311959;Salitre - CE;187867;16633.0;1146.0;0.6;260.0;254.0;1942.0;1736.0;34344.0;1587.26;16.38;2.51;24.5;56.61;11294.83556784705;15.631575783081827;116.75584681055733;89.3923789907312;baixo PIB per capita / alta intensidade
2312007;Santana do Acaraú - CE;313120;30628.0;656.0;0.18;530.0;526.0;2298.0;1723.0;45344.0;1973.84;18.45;4.06;26.87;50.62;10223.325062034739;17.30442732140525;75.02938487658352;74.97824194952132;baixo PIB per capita / baixa intensidade
2312106;Santana do Cariri - CE;164591;16954.0;-274.0;-0.13;205.0;198.0;1338.0;1166.0;32322.0;2208.87;18.46;3.35;23.75;54.44;9708.092485549132;12.091541819039755;78.91942904329362;87.14499252615845;baixo PIB per capita / baixa intensidade
2312205;Santa Quitéria - CE;715965;40183.0;-2580.0;-0.52;1195.0;1156.0;6340.0;5205.0;123644.0;1918.52;16.45;18.34;31.83;33.39;17817.60943682652;29.73894432969166;157.77816489560263;82.09779179810725;alto PIB per capita / alta intensidade
2312304;São Benedito - CE;710000;47640.0;2765.0;0.5;1152.0;1111.0;5393.0;4228.0;112348.0;2001.6;26.21;5.29;35.18;33.32;14903.442485306465;24.181360201511335;113.2031905961377;78.39792323382161;alto PIB per capita / alta intensidade
2312403;São Gonçalo do Amarante - CE;6894155;54143.0;10750.0;1.86;1524.0;1468.0;16076.0;14530.0;775087.0;4161.44;0.67;74.28;20.62;4.43;127332.3421310234;28.147682987643833;296.9174223814713;90.3831798954964;alto PIB per capita / alta intensidade
2312502;São João do Jaguaribe - CE;114371;5855.0;-2045.0;-2.47;119.0;115.0;642.0;542.0;13567.0;1923.68;44.83;2.43;18.91;33.83;19533.90264730999;20.32450896669513;109.64987190435525;84.42367601246106;alto PIB per capita / alta intensidade
2312601;São Luís do Curu - CE;147888;10822.0;-1525.0;-1.09;199.0;194.0;908.0;725.0;22822.0;2209.79;12.18;11.46;29.8;46.56;13665.49621142118;18.388467935686567;83.90316022916282;79.84581497797357;alto PIB per capita / baixa intensidade
2312700;Senador Pompeu - CE;432508;24266.0;-1084.0;-0.36;599.0;582.0;4181.0;3581.0;82277.0;1730.28;13.86;16.7;36.86;32.59;17823.62152806396;24.684744086376;172.2986895244375;85.64936618033964;alto PIB per capita / alta intensidade
2312809;Senador Sá - CE;71512;7262.0;410.0;0.49;142.0;139.0;628.0;511.0;14660.0;1828.75;12.64;3.1;27.61;56.65;9847.42495180391;19.55384191682732;86.47755439272927;81.36942675159236;baixo PIB per capita / baixa intensidade
2312908;Sobral - CE;6016970;203023.0;14346.0;0.61;5996.0;5659.0;58392.0;51719.0;1533122.0;2364.37;1.07;25.37;53.62;19.94;29636.888431359992;29.53359964141994;287.6127335326539;88.57206466639266;alto PIB per capita / alta intensidade
2313005;Solonópole - CE;318203;18179.0;514.0;0.24;398.0;383.0;2625.0;2240.0;43191.0;1522.12;22.32;20.18;27.2;30.3;17503.87810110567;21.893393475988777;144.39738159414708;85.33333333333334;alto PIB per capita / alta intensidade
2313104;Tabuleiro do Norte - CE;563950;30652.0;443.0;0.12;850.0;836.0;3333.0;2452.0;67736.0;1976.77;13.12;13.13;42.94;30.8;18398.47318282657;27.730653790943496;108.73678715907607;73.56735673567357;alto PIB per capita / alta intensidade
2313203;Tamboril - CE;316962;24815.0;-1159.0;-0.38;426.0;414.0;1658.0;1267.0;47372.0;2593.89;25.82;3.21;27.77;43.2;12773.000201491033;17.167036066895026;66.81442675800926;76.41737032569361;baixo PIB per capita / baixa intensidade
2313252;Tarrafas - CE;88539;7529.0;-1068.0;-1.1;131.0;126.0;703.0;600.0;16208.0;2100.42;23.07;3.98;22.04;50.91;11759.729047682295;17.39938902908753;93.37229379731704;85.34850640113798;baixo PIB per capita / baixa intensidade
2313302;Tauá - CE;802395;61227.0;5378.0;0.77;1414.0;1356.0;6999.0;5557.0;143392.0;1996.05;15.14;5.96;44.81;34.09;13105.24768484492;23.09438646348833;114.31231319515899;79.39705672238891;alto PIB per capita / alta intensidade
2313351;Tejuçuoca - CE;153337;17154.0;18.0;0.01;228.0;228.0;1716.0;1512.0;38127.0;2006.04;9.15;3.28;25.01;62.56;8938.848082079981;13.29136061559986;100.0349772647779;88.11188811188812;baixo PIB per capita / baixa intensidade
2313401;Tianguá - CE;1913964;81506.0;12423.0;1.39;2590.0;2464.0;12042.0;9224.0;250783.0;2117.08;22.57;11.6;44.42;21.42;23482.49208647216;31.77680170784973;147.74372438838859;76.59857166583623;alto PIB per capita / alta intensidade
2313500;Trairi - CE;947833;58415.0;6993.0;1.07;1256.0;1211.0;5254.0;3847.0;120459.0;2349.91;6.93;47.3;21.62;24.15;16225.849524950783;21.50132671402893;89.94265171616878;73.22040350209365;alto PIB per capita / baixa intensidade
2313559;Tururu - CE;154602;15412.0;917.0;0.51;176.0;175.0;1499.0;1350.0;33601.0;2005.1;12.97;3.89;25.52;57.62;10031.274331689592;11.419672982091877;97.26187386452115;90.06004002668445;baixo PIB per capita / baixa intensidade
2313609;Ubajara - CE;714256;32767.0;980.0;0.25;773.0;742.0;3906.0;3095.0;92978.0;2357.92;28.21;19.38;27.13;25.28;21798.02850428785;23.590807824945827;119.20529801324503;79.23707117255503;alto PIB per capita / alta intensidade
2313708;Umari - CE;75948;6871.0;-674.0;-0.78;102.0;100.0;571.0;491.0;15597.0;1858.58;22.54;3.02;22.11;52.33;11053.412894775141;14.845000727696114;83.10289623053413;85.98949211908932;baixo PIB per capita / baixa intensidade
2313757;Umirim - CE;194961;17470.0;-1271.0;-0.58;203.0;199.0;1395.0;1230.0;36330.0;2119.53;20.73;4.55;23.91;50.81;11159.759587864912;11.619919862621638;79.85117344018316;88.17204301075269;baixo PIB per capita / baixa intensidade
2313807;Uruburetama - CE;460850;20189.0;486.0;0.2;298.0;292.0;2933.0;2643.0;68662.0;1733.05;19.89;19.54;25.31;35.26;22826.786864133934;14.760513150725643;145.27713111100104;90.11251278554381;alto PIB per capita / alta intensidade
2313906;Uruoca - CE;238457;13746.0;863.0;0.54;216.0;215.0;1728.0;1530.0;45556.0;2252.89;8.86;43.87;24.3;22.97;17347.3737814637;15.713662156263641;125.70929725010913;88.54166666666666;alto PIB per capita / alta intensidade
2313955;Varjota - CE;404964;18105.0;512.0;0.24;550.0;539.0;2952.0;2397.0;50260.0;1670.14;42.83;5.05;27.21;24.91;22367.522783761393;30.378348522507597;163.0488815244408;81.19918699186992;alto PIB per capita / alta intensidade
2314003;Várzea Alegre - CE;502914;38984.0;708.0;0.15;842.0;811.0;4049.0;3219.0;83788.0;1990.99;14.84;7.32;38.8;39.04;12900.523291606813;21.598604555715166;103.8631233326493;79.5011113855273;baixo PIB per capita / alta intensidade
2314102;Viçosa do Ceará - CE;642465;59712.0;4757.0;0.69;1049.0;1010.0;4257.0;3182.0;85583.0;2092.28;23.09;6.22;26.31;44.38;10759.395096463022;17.567658092175776;71.29220257234726;74.74747474747475;baixo PIB per capita / baixa intensidade
